STOCK_CODE,VARIANTS,DESCRIPTIONS
23236,4,STORAGE TIN VINTAGE DOILY  (x160) | DOILEY STORAGE TIN (x113) | DOILEY BISCUIT TIN (x13) | STORAGE TIN VINTAGE DOILEY  (x1)
23196,4,VINTAGE LEAF MAGNETIC NOTEPAD (x215) | RETRO LEAVES MAGNETIC NOTEPAD (x19) | RETO LEAVES MAGNETIC SHOPPING LIST (x3) | LEAVES MAGNETIC  SHOPPING LIST (x2)
23244,3,ROUND STORAGE TIN VINTAGE LEAF (x96) | STORAGE TIN VINTAGE LEAF (x7) | CANNISTER VINTAGE LEAF DESIGN (x2)
23209,3,LUNCH BAG VINTAGE DOILY  (x549) | LUNCH BAG DOILEY PATTERN  (x467) | LUNCH BAG VINTAGE DOILEY  (x4)
23535,3,WALL ART BICYCLE SAFETY (x121) | BICYCLE SAFTEY WALL ART (x39) | WALL ART BICYCLE SAFTEY  (x3)
23413,3,VINTAGE COFFEE GRINDER BOX (x23) | DECORATIVE VINTAGE COFFEE  BOX (x16) | DECROTIVEVINTAGE COFFEE GRINDER BOX (x4)
23396,3,LE JARDIN BOTANIQUE CUSHION COVER (x144) | LA JARDIN BOTANIQUE CUSHION COVER (x23) | BUTTERFLY CUSHION COVER (x2)
23126,3,FELTCRAFT GIRL AMELIE KIT (x257) | DOLLCRAFT GIRL AMELIE KIT (x8) | DOLLCRAFT GIRL AMELIE (x8)
23131,3,MISTLETOE HEART WREATH CREAM (x104) | MISELTOE HEART WREATH WHITE (x4) | MISELTOE HEART WREATH CREAM (x1)
23366,3,SET 12 COLOURING PENCILS DOILY (x140) | SET 12 COLOUR PENCILS DOILEY (x3) | SET 12 COLOURING PENCILS DOILEY (x1)
